1001|VinayakMahadev|Vinayak|Mahadev|vinayakmahadev@gmail.com|97874800000|Bangalore|Karnataka|India|6531010
1002|GeorgiFacello|Georgi|Facello|georgifacello@gmail.com|97874800001|Bangalore|Karnataka|India|6531011
1003|BezalelSimmel|Bezalel|Simmel|bezalelsimmel@gmail.com|97874800002|Mumbai|Maharashtra|India|6531012
1004|PartoBamford|Parto|Bamford|partobamford@gmail.com|97874800003|Bangalore|Karnataka|India|6531013
1005|ChirstianKoblick|Chirstian|Koblick|chirstiankoblick@gmail.com|97874800004|Hyderabad|Andra|India|6531014
1006|KyoichiMaliniak|Kyoichi|Maliniak|kyoichimaliniak@gmail.com|97874800005|Mysore|Karnataka|India|6531015
1007|AnnekePreusig|Anneke|Preusig|annekepreusig@gmail.com|97874800006|Bangalore|Karnataka|India|6531016
1008|TzvetanZielinski|Tzvetan|Zielinski|tzvetanzielinski@gmail.com|97874800007|Kolkata|West Bengal|India|6531017
1009|SaniyaKalloufi|Saniya|Kalloufi|saniyakalloufi@gmail.com|97874800008|Kolkata|West Bengal|India|6531018
1010|SumantPeac|Sumant|Peac|sumantpeac@gmail.com|97874800009|Mysore|Karnataka|India|6531019
1011|DuangkaewPiveteau|Duangkaew|Piveteau|duangkaewpiveteau@gmail.com|978748000010|Coimbatore|TamilNadu|India|65310110
1012|MarySluis|Mary|Sluis|marysluis@gmail.com|978748000011|Mysore|Karnataka|India|65310111
1013|PatricioBridgland|Patricio|Bridgland|patriciobridgland@gmail.com|978748000012|Hyderabad|Andra|India|65310112
1014|EberhardtTerkki|Eberhardt|Terkki|eberhardtterkki@gmail.com|978748000013|Hyderabad|Andra|India|65310113
1015|BerniGenin|Berni|Genin|bernigenin@gmail.com|978748000014|Kolkata|West Bengal|India|65310114
1016|GuoxiangNooteboom|Guoxiang|Nooteboom|guoxiangnooteboom@gmail.com|978748000015|Kolkata|West Bengal|India|65310115
1017|KazuhitoCappelletti|Kazuhito|Cappelletti|kazuhitocappelletti@gmail.com|978748000016|Pune|Maharashtra|India|65310116
1018|CristinelBouloucos|Cristinel|Bouloucos|cristinelbouloucos@gmail.com|978748000017|Bangalore|Karnataka|India|65310117
1019|KazuhidePeha|Kazuhide|Peha|kazuhidepeha@gmail.com|978748000018|Hyderabad|Andra|India|65310118
1020|LillianHaddadi|Lillian|Haddadi|lillianhaddadi@gmail.com|978748000019|Chennai|TamilNadu|India|65310119
1021|MayukoWarwick|Mayuko|Warwick|mayukowarwick@gmail.com|978748000020|Kolkata|West Bengal|India|65310120
1022|RamziErde|Ramzi|Erde|ramzierde@gmail.com|978748000021|Bangalore|Karnataka|India|65310121
1023|ShahafFamili|Shahaf|Famili|shahaffamili@gmail.com|978748000022|Mumbai|Maharashtra|India|65310122
1024|BojanMontemayor|Bojan|Montemayor|bojanmontemayor@gmail.com|978748000023|Mumbai|Maharashtra|India|65310123
1025|SuzettePettey|Suzette|Pettey|suzettepettey@gmail.com|978748000024|Pune|Maharashtra|India|65310124
1026|PrasadramHeyers|Prasadram|Heyers|prasadramheyers@gmail.com|978748000025|Coimbatore|TamilNadu|India|65310125
1027|YongqiaoBerztiss|Yongqiao|Berztiss|yongqiaoberztiss@gmail.com|978748000026|Hyderabad|Andra|India|65310126
1028|DivierReistad|Divier|Reistad|divierreistad@gmail.com|978748000027|Hyderabad|Andra|India|65310127
1029|DomenickTempesti|Domenick|Tempesti|domenicktempesti@gmail.com|978748000028|Kolkata|West Bengal|India|65310128
1030|OtmarHerbst|Otmar|Herbst|otmarherbst@gmail.com|978748000029|Coimbatore|TamilNadu|India|65310129
1031|ElvisDemeyer|Elvis|Demeyer|elvisdemeyer@gmail.com|978748000030|Pune|Maharashtra|India|65310130
1032|KarstenJoslin|Karsten|Joslin|karstenjoslin@gmail.com|978748000031|Chennai|TamilNadu|India|65310131
1033|JeongReistad|Jeong|Reistad|jeongreistad@gmail.com|978748000032|Pune|Maharashtra|India|65310132
1034|ArifMerlo|Arif|Merlo|arifmerlo@gmail.com|978748000033|Pune|Maharashtra|India|65310133
1035|BaderSwan|Bader|Swan|baderswan@gmail.com|978748000034|Mumbai|Maharashtra|India|65310134
1036|AlainChappelet|Alain|Chappelet|alainchappelet@gmail.com|978748000035|Pune|Maharashtra|India|65310135
1037|AdamantiosPortugali|Adamantios|Portugali|adamantiosportugali@gmail.com|978748000036|Hyderabad|Andra|India|65310136
1038|PradeepMakrucki|Pradeep|Makrucki|pradeepmakrucki@gmail.com|978748000037|Coimbatore|TamilNadu|India|65310137
1039|HuanLortz|Huan|Lortz|huanlortz@gmail.com|978748000038|Hyderabad|Andra|India|65310138
1040|AlejandroBrender|Alejandro|Brender|alejandrobrender@gmail.com|978748000039|Bangalore|Karnataka|India|65310139
1041|WeiyiMeriste|Weiyi|Meriste|weiyimeriste@gmail.com|978748000040|Chennai|TamilNadu|India|65310140
1042|UriLenart|Uri|Lenart|urilenart@gmail.com|978748000041|Bangalore|Karnataka|India|65310141
1043|MagyStamatiou|Magy|Stamatiou|magystamatiou@gmail.com|978748000042|Bangalore|Karnataka|India|65310142
1044|YishayTzvieli|Yishay|Tzvieli|yishaytzvieli@gmail.com|978748000043|Mysore|Karnataka|India|65310143
1045|MingsenCasley|Mingsen|Casley|mingsencasley@gmail.com|978748000044|Pune|Maharashtra|India|65310144
1046|MossShanbhogue|Moss|Shanbhogue|mossshanbhogue@gmail.com|978748000045|Coimbatore|TamilNadu|India|65310145
1047|LucienRosenbaum|Lucien|Rosenbaum|lucienrosenbaum@gmail.com|978748000046|Hyderabad|Andra|India|65310146
1048|ZvonkoNyanchama|Zvonko|Nyanchama|zvonkonyanchama@gmail.com|978748000047|Mumbai|Maharashtra|India|65310147
1049|FlorianSyrotiuk|Florian|Syrotiuk|floriansyrotiuk@gmail.com|978748000048|Kolkata|West Bengal|India|65310148
1050|BasilTramer|Basil|Tramer|basiltramer@gmail.com|978748000049|Mumbai|Maharashtra|India|65310149
1051|YinghuaDredge|Yinghua|Dredge|yinghuadredge@gmail.com|978748000050|Kolkata|West Bengal|India|65310150
1052|HidefumiCaine|Hidefumi|Caine|hidefumicaine@gmail.com|978748000051|Bangalore|Karnataka|India|65310151
1053|HepingNitsch|Heping|Nitsch|hepingnitsch@gmail.com|978748000052|Mumbai|Maharashtra|India|65310152
1054|SanjivZschoche|Sanjiv|Zschoche|sanjivzschoche@gmail.com|978748000053|Pune|Maharashtra|India|65310153
1055|MayumiSchueller|Mayumi|Schueller|mayumischueller@gmail.com|978748000054|Mysore|Karnataka|India|65310154
1056|GeorgyDredge|Georgy|Dredge|georgydredge@gmail.com|978748000055|Bangalore|Karnataka|India|65310155
1057|BrendonBernini|Brendon|Bernini|brendonbernini@gmail.com|978748000056|Hyderabad|Andra|India|65310156
1058|EbbeCallaway|Ebbe|Callaway|ebbecallaway@gmail.com|978748000057|Coimbatore|TamilNadu|India|65310157
1059|BerhardMcFarlin|Berhard|McFarlin|berhardmcfarlin@gmail.com|978748000058|Chennai|TamilNadu|India|65310158
1060|AlejandroMcAlpine|Alejandro|McAlpine|alejandromcalpine@gmail.com|978748000059|Bangalore|Karnataka|India|65310159
1061|BreanndaBillingsley|Breannda|Billingsley|breanndabillingsley@gmail.com|978748000060|Kolkata|West Bengal|India|65310160
1062|TseHerber|Tse|Herber|tseherber@gmail.com|978748000061|Bangalore|Karnataka|India|65310161
1063|AnooshPeyn|Anoosh|Peyn|anooshpeyn@gmail.com|978748000062|Kolkata|West Bengal|India|65310162
1064|GinoLeonhardt|Gino|Leonhardt|ginoleonhardt@gmail.com|978748000063|Bangalore|Karnataka|India|65310163
1065|UdiJansch|Udi|Jansch|udijansch@gmail.com|978748000064|Pune|Maharashtra|India|65310164
1066|SatosiAwdeh|Satosi|Awdeh|satosiawdeh@gmail.com|978748000065|Coimbatore|TamilNadu|India|65310165
1067|KweeSchusler|Kwee|Schusler|kweeschusler@gmail.com|978748000066|Kolkata|West Bengal|India|65310166
1068|ClaudiStavenow|Claudi|Stavenow|claudistavenow@gmail.com|978748000067|Coimbatore|TamilNadu|India|65310167
1069|CharleneBrattka|Charlene|Brattka|charlenebrattka@gmail.com|978748000068|Coimbatore|TamilNadu|India|65310168
1070|MargaretaBierman|Margareta|Bierman|margaretabierman@gmail.com|978748000069|Pune|Maharashtra|India|65310169
1071|ReuvenGarigliano|Reuven|Garigliano|reuvengarigliano@gmail.com|978748000070|Hyderabad|Andra|India|65310170
1072|HisaoLipner|Hisao|Lipner|hisaolipner@gmail.com|978748000071|Mysore|Karnataka|India|65310171
1073|HironobySidou|Hironoby|Sidou|hironobysidou@gmail.com|978748000072|Bangalore|Karnataka|India|65310172
1074|ShirMcClurg|Shir|McClurg|shirmcclurg@gmail.com|978748000073|Bangalore|Karnataka|India|65310173
1075|MokhtarBernatsky|Mokhtar|Bernatsky|mokhtarbernatsky@gmail.com|978748000074|Chennai|TamilNadu|India|65310174
1076|GaoDolinsky|Gao|Dolinsky|gaodolinsky@gmail.com|978748000075|Mumbai|Maharashtra|India|65310175
1077|ErezRitzmann|Erez|Ritzmann|erezritzmann@gmail.com|978748000076|Kolkata|West Bengal|India|65310176
1078|MonaAzuma|Mona|Azuma|monaazuma@gmail.com|978748000077|Mysore|Karnataka|India|65310177
1079|DanelMondadori|Danel|Mondadori|danelmondadori@gmail.com|978748000078|Kolkata|West Bengal|India|65310178
1080|KshitijGils|Kshitij|Gils|kshitijgils@gmail.com|978748000079|Coimbatore|TamilNadu|India|65310179
1081|PremalBaek|Premal|Baek|premalbaek@gmail.com|978748000080|Pune|Maharashtra|India|65310180
1082|ZhongweiRosen|Zhongwei|Rosen|zhongweirosen@gmail.com|978748000081|Mumbai|Maharashtra|India|65310181
1083|ParvizLortz|Parviz|Lortz|parvizlortz@gmail.com|978748000082|Chennai|TamilNadu|India|65310182
1084|VishvZockler|Vishv|Zockler|vishvzockler@gmail.com|978748000083|Kolkata|West Bengal|India|65310183
1085|TuvalKalloufi|Tuval|Kalloufi|tuvalkalloufi@gmail.com|978748000084|Bangalore|Karnataka|India|65310184
1086|KenrokuMalabarba|Kenroku|Malabarba|kenrokumalabarba@gmail.com|978748000085|Bangalore|Karnataka|India|65310185
1087|SomnathFoote|Somnath|Foote|somnathfoote@gmail.com|978748000086|Chennai|TamilNadu|India|65310186
1088|XinglinEugenio|Xinglin|Eugenio|xinglineugenio@gmail.com|978748000087|Chennai|TamilNadu|India|65310187
1089|JungsoonSyrzycki|Jungsoon|Syrzycki|jungsoonsyrzycki@gmail.com|978748000088|Coimbatore|TamilNadu|India|65310188
1090|SudharsanFlasterstein|Sudharsan|Flasterstein|sudharsanflasterstein@gmail.com|978748000089|Pune|Maharashtra|India|65310189
1091|KendraHofting|Kendra|Hofting|kendrahofting@gmail.com|978748000090|Hyderabad|Andra|India|65310190
1092|AmabileGomatam|Amabile|Gomatam|amabilegomatam@gmail.com|978748000091|Chennai|TamilNadu|India|65310191
1093|ValdiodioNiizuma|Valdiodio|Niizuma|valdiodioniizuma@gmail.com|978748000092|Hyderabad|Andra|India|65310192
1094|SailajaDesikan|Sailaja|Desikan|sailajadesikan@gmail.com|978748000093|Mysore|Karnataka|India|65310193
1095|ArumugamOssenbruggen|Arumugam|Ossenbruggen|arumugamossenbruggen@gmail.com|978748000094|Coimbatore|TamilNadu|India|65310194
1096|HilariMorton|Hilari|Morton|hilarimorton@gmail.com|978748000095|Chennai|TamilNadu|India|65310195
1097|JaysonMandell|Jayson|Mandell|jaysonmandell@gmail.com|978748000096|Mumbai|Maharashtra|India|65310196
1098|RemziWaschkowski|Remzi|Waschkowski|remziwaschkowski@gmail.com|978748000097|Pune|Maharashtra|India|65310197
1099|SreekrishnaServieres|Sreekrishna|Servieres|sreekrishnaservieres@gmail.com|978748000098|Hyderabad|Andra|India|65310198
1100|ValterSullins|Valter|Sullins|valtersullins@gmail.com|978748000099|Mysore|Karnataka|India|65310199